[
  {
    "tag": "b",
    "text": "Season 1 (1990)",
    "parent": "font",
    "next_sibling": null
  },
  {
    "tag": "b",
    "text": "Season 2 (1991)",
    "parent": "font",
    "next_sibling": null
  },
  {
    "tag": "b",
    "text": "Season 3 (91-92)",
    "parent": "font",
    "next_sibling": null
  },
  {
    "tag": "b",
    "text": "Season 4 (92-93)",
    "parent": "font",
    "next_sibling": null
  },
  {
    "tag": "b",
    "text": "Season 5 (92-93)",
    "parent": "font",
    "next_sibling": null
  },
  {
    "tag": "b",
    "text": "Season 6 (93-94)",
    "parent": "font",
    "next_sibling": null
  },
  {
    "tag": "b",
    "text": "Season 7 (94-95)",
    "parent": "font",
    "next_sibling": null
  },
  {
    "tag": "b",
    "text": "Season 8 (96-97)",
    "parent": "font",
    "next_sibling": null
  },
  {
    "tag": "b",
    "text": "Season 9 (97-98)",
    "parent": "font",
    "next_sibling": null
  }
]